order_id,date,student,school,class,product,qty,unit_price,total
362942a7-e512-496c-8131-864fb9b63a39,2026-02-14,ΑΛΑΤΑΣ ΔΗΜΗΤΡΙΟΣ,Μουσικό,,Chicken nuggets(12 τμχ),1,7.2,7.2
75feccb1-d32b-465b-be64-4fd2d8f9239f,2026-02-14,ΑΛΑΤΑΣ ΔΗΜΗΤΡΙΟΣ,Μουσικό,,Πατάτες Max,1,3.4,3.4
044b5b32-c161-4ef9-b44a-1fbebe35b352,2026-02-14,ΑΛΑΤΑΣ ΧΡΙΣΤΟΦΟΡΟΣ,Μουσικό,,Chicken nuggets(12 τμχ),1,7.2,7.2
9419dad6-d44a-4d4c-a2fb-568a30708208,2026-02-14,ΑΛΑΤΑΣ ΧΡΙΣΤΟΦΟΡΟΣ,Μουσικό,,Πατάτες (κανονικό),1,3.2,3.2
7d4d5ed6-e9e7-468f-ae07-f33d24a122c8,2026-02-14,ΑΛΕΞΙΟΥ ΓΡΗΓΟΡΙΟΣ,Μουσικό,,Club sandwich,1,5.6,5.6
8cf928dc-8da1-43f3-8587-ea0a34126f17,2026-02-14,ΑΛΕΞΙΟΥ ΓΡΗΓΟΡΙΟΣ,Μουσικό,,Αναψυκτικό 330ml,1,2.0,2.0
984efa2b-2641-4653-939f-228d501bfeb4,2026-02-14,ΑΡΒΑΝΙΤΗΣ ΓΕΩΡΓΙΟΣ,Μουσικό,,Golden burger,1,3.8,3.8
d0c53eb4-728b-40de-99a0-2eb921162c37,2026-02-14,ΑΡΒΑΝΙΤΗΣ ΓΕΩΡΓΙΟΣ,Μουσικό,,Golden burger extreme,1,5.2,5.2
765d76b1-998a-493b-ae93-c86608f18bc4,2026-02-14,ΑΡΒΑΝΙΤΗΣ ΓΕΩΡΓΙΟΣ,Μουσικό,,Sauce (μικρό),1,0.5,0.5
7b3f6eed-16cf-44ca-9215-933c1af34f30,2026-02-14,ΑΡΒΑΝΙΤΗΣ ΓΕΩΡΓΙΟΣ,Μουσικό,,Αναψυκτικό 330ml,1,2.0,2.0
af7da575-6be3-4b16-8a75-079af6616c39,2026-02-14,ΒΑΣΙΛΟΥ ΑΘΑΝΑΣΙΑ,Μουσικό,,Club sandwich,1,5.6,5.6
bdca2a12-addf-4b81-9ed7-f77b6f9990df,2026-02-14,ΒΕ ΕΛΙΣΑΒΕΤ,Μουσικό,,Cheeseburger classic extreme,1,4.5,4.5
539ddef0-dd48-458e-8de2-4f54e4b0cd8d,2026-02-14,ΒΕ ΕΛΙΣΑΒΕΤ,Μουσικό,,Αναψυκτικό 330ml,1,2.0,2.0
b098e255-7b0c-4564-b9fd-1c1f7c8f3e41,2026-02-14,ΒΕ ΕΛΙΣΑΒΕΤ,Μουσικό,,Πατάτες (κανονικό),1,3.2,3.2
91282b5f-8f3f-454a-8e9f-03b5ddccc7c9,2026-02-14,ΒΟΥΡΤΣΑ ΜΑΡΙΑ - ΕΛΕΝΗ,Μουσικό,,Crispy club extreme,1,9.7,9.7
8b60dbc8-41b0-4282-a8a8-6ddc8b128adf,2026-02-14,ΒΟΥΡΤΣΑ ΜΑΡΙΑ - ΕΛΕΝΗ,Μουσικό,,Αναψυκτικό 330ml,1,2.0,2.0
b5b4bcdc-edf7-4a68-a404-467dee7faee3,2026-02-14,ΒΟΥΡΤΣΑ ΧΡΙΣΤΙΝΑ,Μουσικό,,Αναψυκτικό 330ml,1,2.0,2.0
978569c6-24ab-46c2-ab53-d221625b5283,2026-02-14,ΒΟΥΡΤΣΑ ΧΡΙΣΤΙΝΑ,Μουσικό,,Φιλετίνια κοτόπουλου,1,6.6,6.6
285c6ec3-d838-4986-981a-01745bf4f315,2026-02-14,ΓΑΛΑΝΗΣ ΠΑΝΑΓΙΩΤΗΣ,Μουσικό,,Golden burger extreme,1,5.2,5.2
ffff7e0d-6066-498c-9bc5-9ca041468922,2026-02-14,ΓΑΛΑΝΗΣ ΠΑΝΑΓΙΩΤΗΣ,Μουσικό,,Sauce (μεγάλο),1,0.9,0.9
9a7defa0-73cd-4fda-87c0-b593e61dd1ec,2026-02-14,ΓΑΛΑΝΗΣ ΠΑΝΑΓΙΩΤΗΣ,Μουσικό,,Αναψυκτικό 330ml,1,2.0,2.0
92714b3f-e044-4500-a48f-786befe5d229,2026-02-14,ΓΑΛΑΝΗΣ ΠΑΝΑΓΙΩΤΗΣ,Μουσικό,,Πατάτες Max,1,3.4,3.4
288215cd-8067-4dfe-9899-4624fb718925,2026-02-14,ΓΕΩΡΓΑΚΟΠΟΥΛΟΣ ΑΘΑΝΑΣΙΟΣ,Μουσικό,,Αναψυκτικό 330ml,1,2.0,2.0
dcb6963a-cf63-48da-b3a3-c23b80385b5f,2026-02-14,ΓΕΩΡΓΑΚΟΠΟΥΛΟΣ ΑΘΑΝΑΣΙΟΣ,Μουσικό,,Πίττα special Goody’s,1,3.1,3.1
da84d64c-fa27-4bd9-bd46-a0a878347315,2026-02-14,ΓΕΩΡΓΑΚΟΠΟΥΛΟΣ ΑΘΑΝΑΣΙΟΣ,Μουσικό,,Πατάτες (κανονικό),1,3.2,3.2
2013702d-4fca-4138-a46a-f68d01dee2e7,2026-02-14,ΓΕΩΡΓΑΚΟΠΟΥΛΟΣ ΠΑΥΛΟΣ,Μουσικό,,Αναψυκτικό 330ml,1,2.0,2.0
2e95d4c5-6a5e-4298-8226-9af26465f99e,2026-02-14,ΓΕΩΡΓΑΚΟΠΟΥΛΟΣ ΠΑΥΛΟΣ,Μουσικό,,Πίττα special Goody’s,1,3.1,3.1
57a19e90-61a2-4116-bfee-5cb2562cfb12,2026-02-14,ΓΕΩΡΓΑΚΟΠΟΥΛΟΣ ΠΑΥΛΟΣ,Μουσικό,,Πατάτες (κανονικό),1,3.2,3.2
7c7a3edb-e2c9-45e0-8e7d-a62fd74e196e,2026-02-14,ΓΕΩΡΓΙΟΥ ΗΛΙΑΣ,Μουσικό,,Golden burger,2,3.8,7.6
e8ef6bd0-748d-4272-bb56-1898120944d7,2026-02-14,ΓΕΩΡΓΙΟΥ ΗΛΙΑΣ,Μουσικό,,Αναψυκτικό 330ml,1,2.0,2.0
5f074f89-0cee-43de-939c-a246a4dfa035,2026-02-14,ΓΕΩΡΓΙΟΥ ΗΛΙΑΣ,Μουσικό,,Πατάτες Max,1,3.4,3.4
8121149c-8259-4c95-a881-58e9485ea993,2026-02-14,ΓΚΟΥΒΑ ΜΑΡΙΑ ΦΑΙΔΡΑ,Μουσικό,,Club sandwich,1,5.6,5.6
48f56f3f-69b3-4823-b833-fa1a1d26617d,2026-02-14,ΓΚΟΥΒΑ ΜΑΡΙΑ ΦΑΙΔΡΑ,Μουσικό,,Αναψυκτικό 330ml,1,2.0,2.0
54e8ffd5-2dce-4e52-991b-0f5b189d7d77,2026-02-14,ΓΚΟΥΒΑ ΜΑΡΙΑ ΦΑΙΔΡΑ,Μουσικό,,Πατάτες (κανονικό),1,3.2,3.2
cbb9a24a-5839-4b05-a437-d53d6dc4063f,2026-02-14,ΔΑΒΑΝΕΛΟΣ ΓΕΩΡΓΙΟΣ,Μουσικό,,Cheeseburger classic,1,3.0,3.0
8a44dc9e-740b-43ae-b4a4-e7db1df5ff20,2026-02-14,ΔΑΒΑΝΕΛΟΣ ΓΕΩΡΓΙΟΣ,Μουσικό,,Golden burger extreme,1,5.2,5.2
de3fbf56-b791-4633-9351-70437e3d7421,2026-02-14,ΔΑΒΑΝΕΛΟΣ ΓΕΩΡΓΙΟΣ,Μουσικό,,Αναψυκτικό 330ml,1,2.0,2.0
827c5168-0784-47ce-8f2f-d65acd504a53,2026-02-14,ΔΑΒΑΝΕΛΟΥ ΜΑΡΙΑ,Μουσικό,,Hamburger classic extreme,1,4.3,4.3
c8b1b146-6e32-4731-bd37-86674ddef132,2026-02-14,ΔΑΒΑΝΕΛΟΥ ΜΑΡΙΑ,Μουσικό,,Sauce (μικρό),1,0.5,0.5
cfce3eb1-0a16-49c3-a5ee-13a3ce201e4b,2026-02-14,ΔΑΒΑΝΕΛΟΥ ΜΑΡΙΑ,Μουσικό,,Αναψυκτικό 330ml,1,2.0,2.0
6c319861-0f44-4d1f-bb50-e864e2c4c48c,2026-02-14,ΔΑΒΑΝΕΛΟΥ ΜΑΡΙΑ,Μουσικό,,Πατάτες (κανονικό),1,3.2,3.2
feed2de5-044f-4e34-835e-2c9c8985bc5f,2026-02-14,ΕΜΜΑΝΟΥΗΛ ΔΕΣΠΟΙΝΑ,Μουσικό,,Chicken nuggets (8 τμχ),1,5.1,5.1
c708c5c4-4e9e-4170-ba42-e388b6e8df8e,2026-02-14,ΕΜΜΑΝΟΥΗΛ ΔΕΣΠΟΙΝΑ,Μουσικό,,Πατάτες (κανονικό),1,3.2,3.2
95d1f2c3-eb54-46d4-bf94-3465767051ac,2026-02-14,ΕΥΣΤΑΘΙΑΔΗΣ ΠΑΝΑΓΙΩΤΗΣ,Μουσικό,,Golden burger extreme,1,5.2,5.2
f4c5e95d-d870-4b3c-ac4b-de24e50d097d,2026-02-14,ΕΥΣΤΑΘΙΑΔΗΣ ΠΑΝΑΓΙΩΤΗΣ,Μουσικό,,Αναψυκτικό 330ml,1,2.0,2.0
02ace7e8-1c4c-4728-aaa4-a526ff3bd1e1,2026-02-14,ΕΥΣΤΑΘΙΑΔΗΣ ΠΑΝΑΓΙΩΤΗΣ,Μουσικό,,Πατάτες (κανονικό),1,3.2,3.2
f1ba02a1-429a-4cae-8ad9-373a22fca83d,2026-02-14,ΖΑΓΓΑΝΑ ΜΑΡΙΑ,Μουσικό,,Φιλετίνια κοτόπουλου,1,6.6,6.6
44525754-08d4-444e-896e-2d439c877532,2026-02-14,ΖΑΓΓΑΝΑΣ ΓΕΩΡΓΙΟΣ,Μουσικό,,Golden burger,2,3.8,7.6
3336bf1a-c7e8-40c2-a661-a82eaf9ee9ab,2026-02-14,ΖΑΓΓΑΝΑΣ ΓΕΩΡΓΙΟΣ,Μουσικό,,Αναψυκτικό 330ml,1,2.0,2.0
56fa0937-ac20-4b91-884f-70fcfe552c92,2026-02-14,ΖΑΓΓΑΝΑΣ ΓΕΩΡΓΙΟΣ,Μουσικό,,Πατάτες Max,1,3.4,3.4
b0dfc711-e025-4a21-9b9d-43170f11f3e3,2026-02-14,ΘΕΛΟΥΡΑ ΕΛΕΝΗ,Μουσικό,,Club sandwich,1,5.6,5.6
6a7d4d17-32fe-43f5-9efd-1869910a1fad,2026-02-14,ΘΕΟΔΟΣΙΟΥ ΕΛΠΙΔΑ ΕΡΡΙΚΕΤΗ,Μουσικό,,Club με γαλοπούλα,1,5.6,5.6
e3307ac9-93c9-4e57-bf8f-0846dc351085,2026-02-14,ΘΕΟΔΟΣΙΟΥ ΕΛΠΙΔΑ ΕΡΡΙΚΕΤΗ,Μουσικό,,Sauce (μικρό),1,0.5,0.5
bebdb441-cc14-4702-8fb7-e0d0a2f6434f,2026-02-14,ΘΕΟΔΟΣΙΟΥ ΕΛΠΙΔΑ ΕΡΡΙΚΕΤΗ,Μουσικό,,Αναψυκτικό 330ml,1,2.0,2.0
9d00f361-f052-4f42-b402-2038e7170dbb,2026-02-14,ΚΑΛΟΔΗΜΟΣ ΔΗΜΗΤΡΙΟΣ,Μουσικό,,Πατάτες Max,1,3.4,3.4
176505e3-b69c-4800-a61a-eeddebc74f0f,2026-02-14,ΚΑΡΑΓΙΑΝΝΗ ΣΤΑΥΡΙΑΝΑ,Μουσικό,,Πατάτες (κανονικό),1,3.2,3.2
d8f92c56-119b-47b9-8c16-c5e8edafaaa8,2026-02-14,ΚΑΡΓΑΔΟΥΡΟΥ ΛΥΔΙΑ,Μουσικό,,Chicken nuggets (8 τμχ),1,5.1,5.1
7ebedd21-a5f9-4319-9226-cf995b91d265,2026-02-14,ΚΑΡΓΑΔΟΥΡΟΥ ΛΥΔΙΑ,Μουσικό,,Πατάτες (κανονικό),1,3.2,3.2
e7624093-a1c2-49b7-8945-1b7c6cddbf08,2026-02-14,ΚΑΤΣΟΥΡΑ ΑΝΑΣΤΑΣΙΑ,Μουσικό,,Club sandwich,1,5.6,5.6
f5aba96e-1043-4aa7-af6e-f74961941832,2026-02-14,ΚΑΤΣΟΥΡΑ ΑΝΑΣΤΑΣΙΑ,Μουσικό,,Αναψυκτικό 330ml,1,2.0,2.0
0d18d218-58a4-4a28-a880-18720f361f29,2026-02-14,ΚΟΛΟΒΟΥ ΑΝΝΑ - ΜΑΡΙΑ,Μουσικό,,Crispy club extreme,1,9.7,9.7
351c553a-4a5e-4dbf-a0a2-85cadb713510,2026-02-14,ΚΟΛΟΒΟΥ ΑΝΝΑ - ΜΑΡΙΑ,Μουσικό,,Golden burger extreme,1,5.2,5.2
dabb141e-f522-4c95-b9f0-13bd78265f0f,2026-02-14,ΚΟΛΟΒΟΥ ΑΝΝΑ - ΜΑΡΙΑ,Μουσικό,,Sauce (μικρό),1,0.5,0.5
ea1c3958-7700-4a7b-a466-7c644ba1feb6,2026-02-14,ΚΟΛΟΒΟΥ ΑΝΝΑ - ΜΑΡΙΑ,Μουσικό,,Αναψυκτικό 330ml,1,2.0,2.0
a829839d-ac43-4221-80ac-ff6c0082323b,2026-02-14,ΚΟΛΟΒΟΥ ΑΝΝΑ - ΜΑΡΙΑ,Μουσικό,,Πατάτες (κανονικό),1,3.2,3.2
17a07f69-c56b-441a-8da7-e71920e877c0,2026-02-14,ΚΟΝΤΑΞΗΣ ΑΛΕΞΑΝΔΡΟΣ,Μουσικό,,Club με γαλοπούλα,1,5.6,5.6
67cc3ec2-ead0-4bde-af25-b07431b1396d,2026-02-14,ΚΟΝΤΑΞΗΣ ΑΛΕΞΑΝΔΡΟΣ,Μουσικό,,Αναψυκτικό 330ml,1,2.0,2.0
4f2328c2-4051-4fe7-a6bc-aafcf1500b74,2026-02-14,ΚΟΝΤΑΞΗΣ ΑΛΕΞΑΝΔΡΟΣ,Μουσικό,,Πίττα Goody’s,1,2.8,2.8
81dceb84-0595-4a9a-bcfc-cc743ef191ee,2026-02-14,ΚΟΤΤΗ ΝΕΦΕΛΗ,Μουσικό,,Chicken nuggets (8 τμχ),1,5.1,5.1
64656ded-6646-42d6-b452-a5039555057a,2026-02-14,ΚΟΤΤΗ ΝΕΦΕΛΗ,Μουσικό,,Sauce (μικρό),1,0.5,0.5
67274c12-a917-4bff-a5ee-345edc7e7fbf,2026-02-14,ΚΟΤΤΗ ΝΕΦΕΛΗ,Μουσικό,,Αναψυκτικό 330ml,1,2.0,2.0
fba0d090-5257-4786-9a6f-3b5035bb5f4e,2026-02-14,ΚΟΤΤΗ ΝΕΦΕΛΗ,Μουσικό,,Πατάτες (κανονικό),1,3.2,3.2
0e008e77-1ea8-4cb2-8f1c-f8e17be17ba8,2026-02-14,ΚΟΥΛΑΚΙΩΤΗΣ ΠΕΤΡΟΣ,Μουσικό,,Golden burger,1,3.8,3.8
29c4f336-de62-42d9-ab4c-6b520a044712,2026-02-14,ΚΟΥΛΑΚΙΩΤΗΣ ΠΕΤΡΟΣ,Μουσικό,,Golden burger extreme,1,5.2,5.2
1a0dd2f3-9492-42dc-bdab-439ccbb44d9a,2026-02-14,ΚΟΥΛΑΚΙΩΤΗΣ ΠΕΤΡΟΣ,Μουσικό,,Sauce (μεγάλο),1,0.9,0.9
8205e90a-49cf-4612-8ad6-2ab68a9b6621,2026-02-14,ΚΟΥΛΑΚΙΩΤΗΣ ΠΕΤΡΟΣ,Μουσικό,,Αναψυκτικό 330ml,1,2.0,2.0
e0ff0ec2-2509-4e6d-b3a6-ca5418b5c0c6,2026-02-14,ΚΟΥΛΑΚΙΩΤΗΣ ΠΕΤΡΟΣ,Μουσικό,,Πατάτες Max,1,3.4,3.4
f41cd0e8-ee95-4c42-9956-d171044e2e06,2026-02-14,ΚΟΥΡΑΒΑΝΑ ΑΘΑΝΑΣΙΑ,Μουσικό,,Club sandwich,1,5.6,5.6
cb2ea908-8f23-4739-839a-57364930b752,2026-02-14,ΚΟΥΡΑΒΑΝΑ ΑΘΑΝΑΣΙΑ,Μουσικό,,Αναψυκτικό 330ml,1,2.0,2.0
6e13e919-0905-41fa-a155-06bdfd478263,2026-02-14,ΚΟΥΡΟΓΙΩΡΓΑ ΑΝΝΑ,Μουσικό,,Golden burger,1,3.8,3.8
77d62d57-7546-4ff8-b783-3593cd524903,2026-02-14,ΚΟΥΡΟΓΙΩΡΓΑ ΑΝΝΑ,Μουσικό,,Αναψυκτικό 330ml,1,2.0,2.0
063f17ce-87ff-4230-8b9c-61caa6edc148,2026-02-14,ΚΟΥΤΡΟΥΜΠΑ ΕΛΕΝΗ,Μουσικό,,Golden burger extreme,1,5.2,5.2
e88e8cd5-cb72-451d-aeec-273b2c32584b,2026-02-14,ΚΟΥΤΡΟΥΜΠΑ ΕΛΕΝΗ,Μουσικό,,Αναψυκτικό 330ml,1,2.0,2.0
19b8ae41-f99d-4bf0-b345-b6601be2404e,2026-02-14,ΚΟΥΤΡΟΥΜΠΑ ΕΛΕΝΗ,Μουσικό,,Πατάτες (κανονικό),1,3.2,3.2
d9394995-fd0b-4b09-918b-6aed78fffd2a,2026-02-14,ΚΟΥΤΣΟΥΠΙΑ ΜΑΡΙΑ,Μουσικό,,Club sandwich,1,5.6,5.6
9061d7c8-86f6-4512-8b23-13fe20f8d496,2026-02-14,ΚΟΥΤΣΟΥΠΙΑ ΜΑΡΙΑ,Μουσικό,,Αναψυκτικό 330ml,1,2.0,2.0
4cabae1d-f7d6-4c25-a11e-2e7efdaacc03,2026-02-14,ΚΩΝΣΤΑΝΤΙΝΟΥ ΔΗΜΗΤΡΙΟΣ,Μουσικό,,Golden burger,2,3.8,7.6
a286cf54-b28f-4aa8-a8c9-67b0a169b0b8,2026-02-14,ΚΩΝΣΤΑΝΤΙΝΟΥ ΔΗΜΗΤΡΙΟΣ,Μουσικό,,Sauce (μικρό),1,0.5,0.5
f6a66db7-6f86-4a0c-8eb7-2aacfeb74637,2026-02-14,ΚΩΝΣΤΑΝΤΙΝΟΥ ΔΗΜΗΤΡΙΟΣ,Μουσικό,,Αναψυκτικό 330ml,1,2.0,2.0
f7d01980-2a84-473b-88ca-03a23a7b7866,2026-02-14,ΚΩΝΣΤΑΝΤΙΝΟΥ ΔΗΜΗΤΡΙΟΣ,Μουσικό,,Πατάτες Max,1,3.4,3.4
019647b0-7fb6-439f-ad97-bfc0a64ec17b,2026-02-14,ΛΑΓΟΥ ΜΕΛΑΧΡΟΙΝΗ,Μουσικό,,Chicken nuggets (8 τμχ),1,5.1,5.1
a360cb6f-18bc-4969-8de7-4d6c4796ca11,2026-02-14,ΛΑΓΟΥ ΜΕΛΑΧΡΟΙΝΗ,Μουσικό,,Αναψυκτικό 330ml,1,2.0,2.0
6065286a-5da4-4a1e-bb2c-54d07009e518,2026-02-14,ΛΑΜΠΡΟΠΟΥΛΟΥ ΠΑΝΑΓΙΩΤΑ,Μουσικό,,Chicken nuggets(12 τμχ),1,7.2,7.2
d21b1d60-b6ec-461d-9a60-9179b4f81837,2026-02-14,ΛΑΜΠΡΟΠΟΥΛΟΥ ΠΑΝΑΓΙΩΤΑ,Μουσικό,,Αναψυκτικό 330ml,1,2.0,2.0
959265b6-409b-4e1a-a4dd-dc18693127f4,2026-02-14,ΛΑΜΠΡΟΠΟΥΛΟΥ ΠΑΝΑΓΙΩΤΑ,Μουσικό,,Πατάτες Max,1,3.4,3.4
3ce4a6da-c9e0-4666-a23b-4055418dcf47,2026-02-14,ΛΑΠΑ ΝΙΚΟΛΑΟΣ,Μουσικό,,Cheeseburger classic extreme,1,4.5,4.5
ac563665-0625-4dce-b3b1-9e9b4482f0d5,2026-02-14,ΛΑΠΑ ΝΙΚΟΛΑΟΣ,Μουσικό,,Golden burger extreme,1,5.2,5.2
81b4d464-a2ed-4f8b-b662-cfa59e76344a,2026-02-14,ΛΑΠΑ ΝΙΚΟΛΑΟΣ,Μουσικό,,Αναψυκτικό 330ml,1,2.0,2.0
04f2f385-d38a-4307-8876-4f11b3512780,2026-02-14,ΛΑΠΑ ΝΙΚΟΛΑΟΣ,Μουσικό,,Πατάτες Max,1,3.4,3.4
2b49f84d-cebf-43f6-ab7a-b5ac3feb1921,2026-02-14,ΛΕΝΤΑΣ ΕΥΑΓΓΕΛΟΣ,Μουσικό,,Cheeseburger classic,1,3.0,3.0
ceedbf5d-7c19-43a7-a3c2-1bc819166cd9,2026-02-14,ΛΕΝΤΑΣ ΕΥΑΓΓΕΛΟΣ,Μουσικό,,Club sandwich,1,5.6,5.6
a10e751f-4d64-4ed8-a392-b7caf1e320f3,2026-02-14,ΛΕΝΤΑΣ ΕΥΑΓΓΕΛΟΣ,Μουσικό,,Αναψυκτικό 330ml,1,2.0,2.0
763e7958-af39-477f-9902-7ce097d766c4,2026-02-14,ΛΟΥΚΟΠΟΥΛΟΥ ΧΡΙΣΤΙΝΑ,Μουσικό,,Club sandwich,1,5.6,5.6
b13e87b5-10d9-48b6-8130-242c93c6063d,2026-02-14,ΜΑΛΑΤΕΣΤΑΣ ΣΤΥΛΙΑΝΟΣ,Μουσικό,,Golden burger,1,3.8,3.8
0ec077bb-307b-4af6-9bac-966dd59d17d5,2026-02-14,ΜΑΛΑΤΕΣΤΑΣ ΣΤΥΛΙΑΝΟΣ,Μουσικό,,Golden burger extreme,1,5.2,5.2
76dd327b-5d96-4040-9a4d-9814a2b212ac,2026-02-14,ΜΑΛΑΤΕΣΤΑΣ ΣΤΥΛΙΑΝΟΣ,Μουσικό,,Sauce (μεγάλο),1,0.9,0.9
e41d6966-13e3-4f1e-bb3c-63998d440e35,2026-02-14,ΜΑΛΑΤΕΣΤΑΣ ΣΤΥΛΙΑΝΟΣ,Μουσικό,,Sauce (μικρό),2,0.5,1.0
8459a0c7-3203-496a-af9c-c0df07ad4dc1,2026-02-14,ΜΑΛΑΤΕΣΤΑΣ ΣΤΥΛΙΑΝΟΣ,Μουσικό,,Πατάτες Max,1,3.4,3.4
49d13d9a-ba46-476e-8c15-4c243d42cb9e,2026-02-14,ΜΑΝΤΖΙΚΟΥ ΔΗΜΗΤΡΑ,Μουσικό,,Golden burger extreme,1,5.2,5.2
2c7f470a-d827-4fe3-a082-7b16f94d28fb,2026-02-14,ΜΑΝΤΖΙΚΟΥ ΔΗΜΗΤΡΑ,Μουσικό,,Sauce (μικρό),2,0.5,1.0
889a41aa-6a4d-4e42-96a6-254d2f2774e7,2026-02-14,ΜΑΝΤΖΙΚΟΥ ΔΗΜΗΤΡΑ,Μουσικό,,Αναψυκτικό 330ml,1,2.0,2.0
05c01da1-5d18-45f5-a618-cc246ca05532,2026-02-14,ΜΑΝΤΖΙΚΟΥ ΔΗΜΗΤΡΑ,Μουσικό,,Πατάτες Max,1,3.4,3.4
cc7c3795-3f30-4b76-839b-3a6cb659c537,2026-02-14,ΜΑΡΓΑΡΙΤΗΣ ΙΩΑΝΝΗΣ,Μουσικό,,Αναψυκτικό 330ml,1,2.0,2.0
00de5238-227a-43ed-9daf-08977d1be6d8,2026-02-14,ΜΑΡΓΑΡΙΤΗΣ ΙΩΑΝΝΗΣ,Μουσικό,,Φιλετίνια κοτόπουλου,1,6.6,6.6
8944c50c-b101-4995-8500-74a905bc25f1,2026-02-14,ΜΑΡΗΣ ΟΡΕΣΤΗΣ,Μουσικό,,Golden burger extreme,1,5.2,5.2
279cf25b-f570-4b54-abfd-48120c423505,2026-02-14,ΜΑΡΗΣ ΟΡΕΣΤΗΣ,Μουσικό,,Αναψυκτικό 330ml,1,2.0,2.0
cb0ee062-461c-426b-9aad-718d53890d71,2026-02-14,ΜΠΑΚΑΚΗ ΕΜΜΕΛΕΙΑ,Μουσικό,,Club sandwich,1,5.6,5.6
f4b7c2d5-9375-46f5-a78b-d94743d963d8,2026-02-14,ΜΠΑΚΑΚΗ ΕΜΜΕΛΕΙΑ,Μουσικό,,Sauce (μεγάλο),2,0.9,1.8
2be9ca1f-a6d4-4e53-99ee-92f9e991e6f2,2026-02-14,ΜΠΑΛΤΑ ΠΗΝΕΛΟΠΗ,Μουσικό,,Chicken nuggets (8 τμχ),1,5.1,5.1
19f569c1-c825-41e7-9613-5837ebc2daad,2026-02-14,ΜΠΑΛΤΑ ΠΗΝΕΛΟΠΗ,Μουσικό,,Sauce (μικρό),1,0.5,0.5
5fcd9b07-5144-40c5-a9c9-4bd264fbf010,2026-02-14,ΜΠΑΛΤΑ ΠΗΝΕΛΟΠΗ,Μουσικό,,Αναψυκτικό 330ml,1,2.0,2.0
63b68b7e-c8b8-48fb-b787-79c9ac5f8d17,2026-02-14,ΜΠΑΛΤΑ ΠΗΝΕΛΟΠΗ,Μουσικό,,Πατάτες (κανονικό),1,3.2,3.2
341ae2cc-ed5c-4d7c-a154-9610456e5ef8,2026-02-14,ΜΠΙΛΑΛΗΣ ΔΗΜΗΤΡΙΟΣ,Μουσικό,,Cheeseburger classic,2,3.0,6.0
f9d1e7f3-6c8a-4125-8505-4461083c9c80,2026-02-14,ΜΠΙΛΑΛΗΣ ΔΗΜΗΤΡΙΟΣ,Μουσικό,,Πατάτες (κανονικό),1,3.2,3.2
00c2fe22-53b5-4c62-9c94-1673e9743747,2026-02-14,ΜΠΟΛΩΤΑ ΧΡΙΣΤΙΝΑ,Μουσικό,,Chicken nuggets (8 τμχ),1,5.1,5.1
8b7470ab-f4d4-4baa-a0e5-cb9c2edf9d2a,2026-02-14,ΜΠΟΛΩΤΑ ΧΡΙΣΤΙΝΑ,Μουσικό,,Πατάτες (κανονικό),1,3.2,3.2
52e635a8-1472-4dfa-88e7-04076e31bf6b,2026-02-14,ΝΤΕΝΙΔΗΣ ΚΩΝΣΤΑΝΤΙΝΟΣ,Μουσικό,,Αναψυκτικό 330ml,1,2.0,2.0
d909491b-4545-48de-8e38-a1f5b0e2e2a3,2026-02-14,ΝΤΕΝΙΔΗΣ ΚΩΝΣΤΑΝΤΙΝΟΣ,Μουσικό,,Πίττα Goody’s,2,2.8,5.6
51bbb612-3ef2-40ab-9c67-d8b9ffcc12d9,2026-02-14,ΝΤΕΝΙΔΗΣ ΚΩΝΣΤΑΝΤΙΝΟΣ,Μουσικό,,Πίττα special Goody’s,1,3.1,3.1
0c4cfe57-25c0-4ccd-a2cb-084b4081bd8e,2026-02-14,ΝΤΡΙΒΑΛΑ ΣΤΥΛΙΑΝΗ,Μουσικό,,Chicken nuggets (8 τμχ),1,5.1,5.1
1737a984-2ecd-4d22-b23c-0fc9510b90d5,2026-02-14,ΝΤΡΙΒΑΛΑ ΣΤΥΛΙΑΝΗ,Μουσικό,,Sauce (μικρό),1,0.5,0.5
97a5942c-df65-4875-8cfd-7790e52ca348,2026-02-14,ΝΤΡΙΒΑΛΑ ΣΤΥΛΙΑΝΗ,Μουσικό,,Αναψυκτικό 330ml,1,2.0,2.0
a1b93721-f435-4926-b2ba-533f5ec1f970,2026-02-14,ΝΤΡΙΒΑΛΑ ΣΤΥΛΙΑΝΗ,Μουσικό,,Πατάτες (κανονικό),1,3.2,3.2
4207a29c-38df-43b4-8b08-660248a763b8,2026-02-14,ΠΑΝΑΓΙΩΤΟΠΟΥΛΟΥ ΑΝΑΣΤΑΣΙΑ,Μουσικό,,Chicken nuggets (8 τμχ),1,5.1,5.1
636b45f9-3dbb-4a3d-a92b-1e2223246c8c,2026-02-14,ΠΑΝΑΓΙΩΤΟΠΟΥΛΟΥ ΑΝΑΣΤΑΣΙΑ,Μουσικό,,Αναψυκτικό 330ml,1,2.0,2.0
37098dde-1021-407d-9265-94a06e613892,2026-02-14,ΠΑΝΑΓΙΩΤΟΠΟΥΛΟΥ ΑΝΑΣΤΑΣΙΑ,Μουσικό,,Πατάτες (κανονικό),1,3.2,3.2
20d4f132-a249-4cf0-b2bb-62740d2467b0,2026-02-14,ΠΑΝΕΤΣΟΣ ΔΗΜΗΤΡΙΟΣ,Μουσικό,,Golden burger extreme,1,5.2,5.2
3f279e62-a832-401f-b09a-d5d1f7461217,2026-02-14,ΠΑΝΕΤΣΟΣ ΔΗΜΗΤΡΙΟΣ,Μουσικό,,Αναψυκτικό 330ml,1,2.0,2.0
067e6671-392d-4b74-bafe-0a0ee5687e28,2026-02-14,ΠΑΝΕΤΣΟΣ ΔΗΜΗΤΡΙΟΣ,Μουσικό,,Πατάτες Max,1,3.4,3.4
493f7328-8d94-4c8d-840e-d28a5d01eeda,2026-02-14,ΠΑΠΑΚΩΝΣΤΑΝΤΙΝΟΥ ΒΑΣΙΛΙΚΗ,Μουσικό,,Crispy club extreme,1,9.7,9.7
9245d6fb-c638-4e27-8de4-d9c36acaa825,2026-02-14,ΠΑΠΑΚΩΝΣΤΑΝΤΙΝΟΥ ΒΑΣΙΛΙΚΗ,Μουσικό,,Αναψυκτικό 330ml,1,2.0,2.0
839a51a7-90cb-4ebf-93bc-1b26208bd376,2026-02-14,ΠΑΠΑΚΩΝΣΤΑΝΤΙΝΟΥ ΚΩΝΣΤΑΝΤΙΝΟΣ,Μουσικό,,Αναψυκτικό 330ml,1,2.0,2.0
58869a47-f4f2-4033-8012-3870e03eea39,2026-02-14,ΠΑΠΑΚΩΝΣΤΑΝΤΙΝΟΥ ΚΩΝΣΤΑΝΤΙΝΟΣ,Μουσικό,,Πίττα special Goody’s,2,3.1,6.2
f0bcb045-a86a-40fb-8184-6b689caf9e33,2026-02-14,ΠΑΠΑΠΑΥΛΟΥ ΚΟΣΜΑΣ,Μουσικό,,Chicken nuggets (8 τμχ),1,5.1,5.1
bbf7c45b-0fb8-44b3-9cc7-c5bca4b056e4,2026-02-14,ΠΑΠΑΠΑΥΛΟΥ ΚΟΣΜΑΣ,Μουσικό,,Αναψυκτικό 330ml,1,2.0,2.0
84c0b593-be80-4a73-978c-3b43c2af83fc,2026-02-14,ΠΑΠΑΠΑΥΛΟΥ ΚΟΣΜΑΣ,Μουσικό,,Πατάτες Max,1,3.4,3.4
50b6e9ca-0f67-415e-ae9d-d91e596b6319,2026-02-14,ΠΑΠΑΠΑΥΛΟΥ ΚΟΣΜΑΣ,Μουσικό,,Φιλετίνια κοτόπουλου,1,6.6,6.6
824c2862-379d-43dd-acc6-28c946884151,2026-02-14,ΠΑΠΑΣΤΑΘΟΠΟΥΛΟΣ ΔΗΜΟΣ,Μουσικό,,Chicken nuggets (8 τμχ),1,5.1,5.1
ef0551fb-e57b-4c66-bf87-23c7ffd8dd46,2026-02-14,ΠΑΠΑΣΤΑΘΟΠΟΥΛΟΣ ΔΗΜΟΣ,Μουσικό,,Golden burger extreme,1,5.2,5.2
37ebb118-4c2e-4c2b-af29-aa701cbb8778,2026-02-14,ΠΑΠΑΣΤΑΘΟΠΟΥΛΟΣ ΔΗΜΟΣ,Μουσικό,,Sauce (μικρό),1,0.5,0.5
bbde8abe-a23b-45f0-9429-edb6b74c7450,2026-02-14,ΠΑΠΑΣΤΑΘΟΠΟΥΛΟΣ ΔΗΜΟΣ,Μουσικό,,Αναψυκτικό 330ml,1,2.0,2.0
12d54c7d-f2ad-4bbf-a63e-8d5f0bd1ccb9,2026-02-14,ΠΑΠΑΣΤΑΘΟΠΟΥΛΟΣ ΔΗΜΟΣ,Μουσικό,,Πατάτες (κανονικό),1,3.2,3.2
019fa77c-4107-4dfc-814f-870b1464c8e0,2026-02-14,ΠΟΛΙΤΗ ΝΙΚΟΛΕΤΑ,Μουσικό,,Golden burger,1,3.8,3.8
1057d3ac-8efb-4004-bf81-3436d5e4c1ae,2026-02-14,ΠΟΛΙΤΗ ΝΙΚΟΛΕΤΑ,Μουσικό,,Hamburger classic,1,2.8,2.8
0abf8629-5473-43ca-8cfc-2408f3380286,2026-02-14,ΠΟΛΙΤΗ ΝΙΚΟΛΕΤΑ,Μουσικό,,Πατάτες (κανονικό),1,3.2,3.2
9be7c196-88bd-4666-adb6-f985aade371e,2026-02-14,ΠΟΛΙΤΗ ΠΑΝΑΓΙΩΤΑ,Μουσικό,,Club με γαλοπούλα,1,5.6,5.6
9330c563-abcf-479c-86ed-10b87f2f2261,2026-02-14,ΠΟΛΙΤΗΣ ΧΑΡΑΛΑΜΠΟΣ,Μουσικό,,Club με γαλοπούλα,1,5.6,5.6
b99cda9b-323d-4faa-870a-f7efb52eea2e,2026-02-14,ΠΟΛΥΔΩΡΟΥ ΑΙΚΑΤΕΡΙΝΗ - ΑΝΝΑ,Μουσικό,,Chicken nuggets (8 τμχ),1,5.1,5.1
162c40da-e122-4c8f-bf92-1da784350334,2026-02-14,ΠΟΛΥΔΩΡΟΥ ΑΙΚΑΤΕΡΙΝΗ - ΑΝΝΑ,Μουσικό,,Αναψυκτικό 330ml,1,2.0,2.0
fd592875-85a0-41b7-8887-0d496ff9757a,2026-02-14,ΠΟΥΡΝΑΡΑ ΑΓΓΕΛΙΚΗ,Μουσικό,,Cheeseburger classic extreme,1,4.5,4.5
eb8584cd-4542-432a-902e-27d8770ccc93,2026-02-14,ΠΟΥΡΝΑΡΑ ΑΓΓΕΛΙΚΗ,Μουσικό,,Sauce (μικρό),1,0.5,0.5
14a18b45-9338-465e-a1d7-8db726714c2a,2026-02-14,ΠΟΥΡΝΑΡΑ ΑΓΓΕΛΙΚΗ,Μουσικό,,Αναψυκτικό 330ml,1,2.0,2.0
3e427362-c465-45b3-b362-98cc31fbbf7b,2026-02-14,ΠΟΥΡΝΑΡΑ ΑΓΓΕΛΙΚΗ,Μουσικό,,Πατάτες (κανονικό),1,3.2,3.2
7a2273d0-fc67-43ff-b450-5fa200830b73,2026-02-14,ΡΑΠΤΗ ΝΑΤΑΛΙΑ,Μουσικό,,Chicken nuggets (8 τμχ),1,5.1,5.1
17c85b52-3e35-496f-9dad-b6058a5a8107,2026-02-14,ΡΑΠΤΗ ΝΑΤΑΛΙΑ,Μουσικό,,Πατάτες (κανονικό),1,3.2,3.2
61cfdc5d-96f5-4714-8e32-bda3a770606b,2026-02-14,ΡΕΝΤΙΦΗ ΑΝΔΡΟΝΙΚΗ,Μουσικό,,Chicken nuggets (8 τμχ),1,5.1,5.1
9837940b-7fc6-4cc6-b46c-2d7c92520307,2026-02-14,ΡΕΝΤΙΦΗ ΑΝΔΡΟΝΙΚΗ,Μουσικό,,Αναψυκτικό 330ml,1,2.0,2.0
2a8709cd-f5b7-4743-8772-8f5df3101334,2026-02-14,ΡΕΝΤΙΦΗ ΑΝΔΡΟΝΙΚΗ,Μουσικό,,Πατάτες (κανονικό),1,3.2,3.2
0751e426-7a11-4d05-8a2d-6dad1b6a4f87,2026-02-14,ΡΟΖΑΣ - ΚΟΥΠΑΣ ΜΑΡΙΟΣ,Μουσικό,,Golden burger extreme,1,5.2,5.2
6cf852e9-da1c-4c21-9596-a8e765089120,2026-02-14,ΡΟΖΑΣ - ΚΟΥΠΑΣ ΜΑΡΙΟΣ,Μουσικό,,Αναψυκτικό 330ml,1,2.0,2.0
abcc90bd-f8ca-4972-8351-44ae0e7c75f3,2026-02-14,ΡΟΖΑΣ - ΚΟΥΠΑΣ ΜΑΡΙΟΣ,Μουσικό,,Πατάτες (κανονικό),1,3.2,3.2
7ddc111b-f858-47c1-8151-6c4d8df23443,2026-02-14,ΣΚΕΥΑ ΠΑΡΑΣΚΕΥΗ,Μουσικό,,Chicken nuggets(12 τμχ),1,7.2,7.2
79b61cab-f582-4835-b7c1-c431ad89c1c9,2026-02-14,ΣΚΕΥΑ ΠΑΡΑΣΚΕΥΗ,Μουσικό,,Αναψυκτικό 330ml,1,2.0,2.0
009d777c-81b4-43d6-a62f-b012b9e741d8,2026-02-14,ΣΚΕΥΑ ΠΑΡΑΣΚΕΥΗ,Μουσικό,,Πατάτες Max,1,3.4,3.4
5672bf1e-b6a0-4f90-93cc-c3cc3592f68c,2026-02-14,ΣΟΥΡΟΥΝΗΣ ΙΩΑΝΝΗΣ,Μουσικό,,Crispy club extreme,1,9.7,9.7
dea77585-141c-4d40-821a-e255894e8b88,2026-02-14,ΣΟΥΡΟΥΝΗΣ ΙΩΑΝΝΗΣ,Μουσικό,,Golden burger extreme,1,5.2,5.2
547575c6-794b-4d78-a488-11916ca680a8,2026-02-14,ΤΑΣΟΥΛΑΣ ΝΙΚΟΛΑΟΣ,Μουσικό,,Club sandwich,1,5.6,5.6
10d16e21-89e1-4cc4-9ff8-05729fd3b271,2026-02-14,ΤΑΣΟΥΛΑΣ ΝΙΚΟΛΑΟΣ,Μουσικό,,Sauce (μικρό),1,0.5,0.5
8dea1e67-dfd2-4244-bc0d-07bbff59c340,2026-02-14,ΤΑΣΟΥΛΑΣ ΝΙΚΟΛΑΟΣ,Μουσικό,,Αναψυκτικό 330ml,1,2.0,2.0
753f910a-086a-4e3c-8b0f-1d8d02390c09,2026-02-14,ΤΖΙΜΑΣ ΔΗΜΗΤΡΙΟΣ,Μουσικό,,Club με γαλοπούλα,1,5.6,5.6
c2517a3b-c5b3-4f65-979c-0139ef81fb61,2026-02-14,ΤΖΙΜΑΣ ΔΗΜΗΤΡΙΟΣ,Μουσικό,,Αναψυκτικό 330ml,1,2.0,2.0
e1aa43c6-0cfc-45ae-b13a-c2fbf9d116cf,2026-02-14,ΤΖΙΟΒΑΡΑ ΣΤΥΛΙΑΝΗ,Μουσικό,,Club sandwich,1,5.6,5.6
a864d9c5-f296-4cbf-8c02-20976baf65b6,2026-02-14,ΤΖΙΟΒΑΡΑ ΣΤΥΛΙΑΝΗ,Μουσικό,,Αναψυκτικό 330ml,1,2.0,2.0
bf1dc8b6-57b7-4b60-ad9d-c07c7d8aad55,2026-02-14,ΤΣΑΚΝΗΣ ΙΩΑΝΝΗΣ ΙΑΣΩΝΑΣ,Μουσικό,,Golden burger extreme,2,5.2,10.4
2a29bc58-4721-42df-9913-6d0208f7aacc,2026-02-14,ΤΣΑΚΝΗΣ ΙΩΑΝΝΗΣ ΙΑΣΩΝΑΣ,Μουσικό,,Sauce (μεγάλο),1,0.9,0.9
e41662e6-9cbf-4e9f-9517-bf7ecac956ec,2026-02-14,ΤΣΑΚΝΗΣ ΙΩΑΝΝΗΣ ΙΑΣΩΝΑΣ,Μουσικό,,Πατάτες Max,1,3.4,3.4
e75920d9-a41d-45c3-a3e5-b61282ce9043,2026-02-14,ΤΣΙΓΑΡΑ ΑΘΑΝΑΣΙΑ,Μουσικό,,Cheeseburger classic extreme,1,4.5,4.5
ee816148-a100-465f-a8c5-3d2e28069dc8,2026-02-14,ΤΣΙΓΑΡΑ ΑΘΑΝΑΣΙΑ,Μουσικό,,Πατάτες (κανονικό),1,3.2,3.2
95a85783-2b5d-4d56-9b00-5af64aa62757,2026-02-14,ΤΣΙΜΑΡΑ ΔΗΜΗΤΡΑ,Μουσικό,,Cheeseburger classic,1,3.0,3.0
bb1ec3a9-5573-466f-b3ce-32df3415d135,2026-02-14,ΤΣΙΜΑΡΑ ΔΗΜΗΤΡΑ,Μουσικό,,Αναψυκτικό 330ml,1,2.0,2.0
b9d7dbc0-df4b-4c38-9b4f-f30ee3b1a140,2026-02-14,ΥΦΑΝΤΗ ΑΓΓΕΛΙΚΗ,Μουσικό,,Cheeseburger classic extreme,1,4.5,4.5
bbbd2042-aea8-404f-9a59-17f72425b2ed,2026-02-14,ΥΦΑΝΤΗ ΑΓΓΕΛΙΚΗ,Μουσικό,,Πατάτες (κανονικό),1,3.2,3.2
96d9a09c-f270-4fc5-9420-7a3825e8df52,2026-02-14,ΦΟΥΡΚΑ ΜΑΡΙΝΑ,Μουσικό,,Πίττα Goody’s,2,2.8,5.6
85075f19-9be6-4bfc-b2a1-35b142f59c91,2026-02-14,ΦΟΥΡΚΑ ΜΑΡΙΝΑ,Μουσικό,,Πατάτες (κανονικό),1,3.2,3.2
59fa40a6-6068-4cd5-894f-68989b95f3b7,2026-02-14,ΧΟΤΖΑ ΣΙΛΒΙΑ,Μουσικό,,Club sandwich,1,5.6,5.6
a45d7a11-3cbc-40f6-89d1-8f0b9bc8a9be,2026-02-14,ΧΟΤΖΑ ΣΙΛΒΙΑ,Μουσικό,,Αναψυκτικό 330ml,1,2.0,2.0
